rank,listing_id,address,gross_yield_percent,monthly_cashflow,cash_on_cash_return_percent,deal_score
1,P003,1 Station Avenue,8.571428571428571,354.6666666666665,15.199999999999994,1.0
2,P002,20 Market Road,7.885714285714286,328.4375,9.008571428571429,0.31049256676149484
3,P001,10 High Street,7.6,301.25,9.64,0.020396862021227535
